{
  "map50-95": 0.6421959862177088,
  "map50": 0.8991959693764545,
  "per_class_map50-95": [
    0.5574741094342249,
    0.6605223618380215,
    0.6597551727745665,
    0.639946116972342,
    0.6511369979962883,
    0.4962582014138084,
    0.584752180377696,
    0.6545721334031115,
    0.622268436776418,
    0.6967297695029125,
    0.7401800637701127,
    0.6672383584569198,
    0.5235208470133503,
    0.6558734329200003,
    0.60669227545641,
    0.5890355035828613,
    0.6028840965343614,
    0.5842577788361769,
    0.5794232098434997,
    0.6199194024406856,
    0.6504582659344188,
    0.638480696738293,
    0.7904462210256097,
    0.7338951251327613,
    0.6467766920580907,
    0.6840944898549575,
    0.6947177144705659,
    0.6196094132504112,
    0.6596814713773512,
    0.6516144878744534,
    0.699934692505687,
    0.6881218394003132
  ],
  "metrics/precision(B)": 0.8912833730054285,
  "metrics/recall(B)": 0.8665011134042115,
  "metrics/mAP50(B)": 0.8991959693764545,
  "metrics/mAP50-95(B)": 0.6421959862177088,
  "fitness": 0.6678959845335835
}