{
  "map50-95": 0.6411370076981557,
  "map50": 0.9232866486046636,
  "per_class_map50-95": [
    0.6683954198466375,
    0.6232618994093642,
    0.612625914554991,
    0.6358466983243848,
    0.6470300645694604,
    0.5153349690337662,
    0.5818269306354009,
    0.6476213162709604,
    0.6519267380949192,
    0.6813463440505707,
    0.7370885484879162,
    0.7474331479746147,
    0.6016329429549059,
    0.6501460985432973,
    0.6213475561637922,
    0.5784589902701052,
    0.5964899249544243,
    0.5816361658466161,
    0.5861736923013933,
    0.6300814080267108,
    0.7030658875681012,
    0.6325935522035768,
    0.7285169478334651,
    0.7178451262871619,
    0.6779391253036627,
    0.6068751708246933,
    0.6656493185787028,
    0.5825588331931739,
    0.5806548768586651,
    0.6227798548808925,
    0.6978710916739309,
    0.7043296908207266
  ],
  "metrics/precision(B)": 0.8536212559790937,
  "metrics/recall(B)": 0.8627361373523303,
  "metrics/mAP50(B)": 0.9232866486046636,
  "metrics/mAP50-95(B)": 0.6411370076981557,
  "fitness": 0.6693519717888066
}